{"cameraMode":{"drawMode":0,"name":"Shaded","section":"Shading Mode"},"sceneLighting":false,"audioPlay":false,"sceneViewState":{"m_AlwaysRefresh":true,"showFog":true,"showSkybox":false,"showFlares":true,"showImageEffects":true,"showParticleSystems":true,"showVisualEffectGraphs":true,"m_FxEnabled":true},"in2DMode":false,"pivot":{"x":887.1199951171875,"y":502.29998779296877,"z":-19.650001525878908},"rotation":{"x":-0.313308447599411,"y":-0.02400873601436615,"z":0.0020043884869664909,"w":-0.9501256942749023},"size":55.635765075683597,"orthographic":false}