{"cameraMode":{"drawMode":0,"name":"Shaded","section":"Shading Mode"},"sceneLighting":true,"audioPlay":false,"sceneViewState":{"m_AlwaysRefresh":true,"showFog":true,"showSkybox":true,"showFlares":true,"showImageEffects":true,"showParticleSystems":true,"showVisualEffectGraphs":true,"m_FxEnabled":true},"in2DMode":false,"pivot":{"x":101.0911865234375,"y":156.8554229736328,"z":-51.798622131347659},"rotation":{"x":-0.005246652290225029,"y":0.8544256687164307,"z":0.008634706027805806,"w":0.5198413133621216},"size":148.17788696289063,"orthographic":false}