{"cameraMode":{"drawMode":0,"name":"Shaded","section":"Shading Mode"},"sceneLighting":true,"audioPlay":false,"sceneViewState":{"m_AlwaysRefresh":true,"showFog":true,"showSkybox":true,"showFlares":true,"showImageEffects":true,"showParticleSystems":true,"showVisualEffectGraphs":true,"m_FxEnabled":true},"in2DMode":false,"pivot":{"x":-654.5928344726563,"y":-622.2176513671875,"z":1763.3092041015625},"rotation":{"x":0.19449175894260407,"y":0.22442705929279328,"z":-0.047090355306863788,"w":0.9540929794311523},"size":3232.23095703125,"orthographic":false}