{"cameraMode":{"drawMode":0,"name":"Shaded","section":"Shading Mode"},"sceneLighting":true,"audioPlay":false,"sceneViewState":{"m_AlwaysRefresh":true,"showFog":true,"showSkybox":true,"showFlares":true,"showImageEffects":true,"showParticleSystems":true,"showVisualEffectGraphs":true,"m_FxEnabled":true},"in2DMode":false,"pivot":{"x":-164.66802978515626,"y":-266.8001708984375,"z":-19.694856643676759},"rotation":{"x":0.06459368765354157,"y":-0.9354701042175293,"z":0.2652190327644348,"w":0.22577030956745149},"size":1070.4561767578125,"orthographic":false}