{"cameraMode":{"drawMode":0,"name":"Shaded","section":"Shading Mode"},"sceneLighting":true,"audioPlay":false,"sceneViewState":{"m_AlwaysRefresh":true,"showFog":true,"showSkybox":true,"showFlares":true,"showImageEffects":true,"showParticleSystems":true,"showVisualEffectGraphs":true,"m_FxEnabled":true},"in2DMode":false,"pivot":{"x":-654.5928344726563,"y":-622.2176513671875,"z":1763.3092041015625},"rotation":{"x":0.22071820497512818,"y":-0.16163961589336396,"z":0.035632867366075519,"w":0.9615610241889954},"size":2589.68017578125,"orthographic":false}